clinic_name,city,area,phone,email,website,location,source_url,source_type,search_term
Tooth Affair,Bangalore,Indiranagar,,info@toothaffair.com,https://toothaffair.com/,"Tooth Affair is the leading Dental Clinic in Indiranagar , Bangalore , offering advanced care with 20+ years' experience best Dentist in Bangalore .",https://toothaffair.com/,website,dental clinic
Dental Solutions Clinic,Bangalore,Indiranagar,6364312444,,https://www.dentalsolutionsclinic.com/,Looking for the best dental clinic in Bangalore ? Experience Best Dentist in Indiranagar Bangalore .,https://www.dentalsolutionsclinic.com/,website,dental clinic
Roots and Grins Dental Clinic,Bangalore,Indiranagar,6366040123,rnd@rootsandgrinsdental.com,https://www.rootsandgrinsdental.com/,"Roots & Grins Dental Clinic in Indiranagar , Bangalore .",https://www.rootsandgrinsdental.com/,website,dental clinic
Dental Sanctuary,Bangalore,Indiranagar,7019431864,info@dentalsanctuary.in,https://www.dentalsanctuary.in/,"Dental Sanctuary is a multi-speciality dental clinic in Indiranagar , Bangalore , located on 80 Feet Road, HAL 3rd Stage.",https://www.dentalsanctuary.in/,website,dental clinic
Dr C Jagadeesh's Dental Clinic,Bangalore,Indiranagar,8041153444,drcjagadeeshdentalclinic@gmail.com,https://www.drcjagadeesh.com/,"Dr C Jagadeesh's Dental Clinic in Indiranagar , Bangalore offers advanced, precise and gentle dental care.",https://www.drcjagadeesh.com/,website,dental clinic
The Radiant Skin,Bangalore,Indiranagar,7090655309,info@theradiantskin.com,https://theradiantskin.com/,"Visit The Radiant Clinic — a top skin clinic in Bangalore offering expert care in skin, hair, and aesthetics at Indiranagar , CMH Road.",https://theradiantskin.com/,website,skin clinic
"Skin and Cosmetic Clinic, Indiranagar",Bangalore,Indiranagar,,,https://www.practo.com/bangalore/clinic/skin-and-cosmetic-clinic-indiranagar,"1 Doctors in Skin and Cosmetic Clinic, Skin Clinic , Indiranagar , Bangalore .",https://www.practo.com/bangalore/clinic/skin-and-cosmetic-clinic-indiranagar,directory,skin clinic
Best Skin Clinic in Indiranagar,Bangalore,Indiranagar,8088606549,skinessence411@gmail.com,https://www.skinessenceclinic.co.in/,"Best Dermatology Clinic in Indiranagar , Bangalore Skinessence Clinic is a trusted dermatology clinic in Indiranagar , Bangalore , offering comprehensive skin and hair treatments delivered under expert medical supervision.",https://www.skinessenceclinic.co.in/,website,skin clinic
Kosmoderma,Bangalore,Indiranagar,7676757575,centralenquiry@kosmoderma.com,https://www.kosmoderma.com/skin-specialist-in-indiranagar/,"Welcome to Kosmoderma Skin, Hair, and Body Clinic in Indiranagar your trusted destination for achieving healthy, radiant skin and luscious hair.",https://www.kosmoderma.com/skin-specialist-in-indiranagar/,website,skin clinic
Dr Swetha's Cosmoderm Centre,Bangalore,Indiranagar,8025209596,info@drswethacosmodermcentre.com,https://drswethacosmodermcentre.com/,"Achieve flawless skin at Dr Swetha's Cosmoderm Centre, a reputed skin clinic in Indiranagar , Bangalore .",https://drswethacosmodermcentre.com/,website,skin clinic
Manipal Hospitals,Bangalore,Indiranagar,6516606060,manipalclinic.indiranagar@manipalhospitals.com,https://www.manipalhospitals.com/clinics-indiranagar/specialities/ophthalmology/,OUR STORY Know About Us Why Manipal Hospitals? Manipal Hospital Clinic Indiranagar's team of skilled ophthalmologists are responsible for the successful diagnosis and treatment of several thousand patients.,https://www.manipalhospitals.com/clinics-indiranagar/specialities/ophthalmology/,website,eye clinic
Retina Clinic,Bangalore,Indiranagar,8041261776,theretinaclinic@gmail.com,https://www.theretinaclinic.com/,"Retina Clinic in Indiranagar , Bangalore is a speciality eye clinic run by Dr Nitin S Shetty.",https://www.theretinaclinic.com/,website,eye clinic
"Roshan Eye Clinic And Surgical Center in Indiranagar,Bangalore",Bangalore,Indiranagar,,,https://www.timesmed.com/Hospital/Bangalore/roshan-eye-clinic-and-surgical-center-23286,"About Roshan Eye Clinic And Surgical Center Roshan Eye Clinic And Surgical Center is an Ophthalmology (Eye Doctor) clinic in Indiranagar , Bangalore .",https://www.timesmed.com/Hospital/Bangalore/roshan-eye-clinic-and-surgical-center-23286,website,eye clinic
Physiotherapy Clinic in Indiranagar,Bangalore,Indiranagar,9113609177,info@yos.health,https://yos.health/locations-Indiranagar-yos-physiotherapy-clinic.html,"Physiotherapy Clinic in Indiranagar YOS Sports Health Specialists at Indiranagar delivers clinician-led physiotherapy, sports injury rehabilitation, and post-operative recovery programmes using evidence-based care.",https://yos.health/locations-Indiranagar-yos-physiotherapy-clinic.html,website,physiotherapy clinic
Best Chiropractor and Physiotherapy Clinic Near Me in Indira Nagar,Bangalore,Indiranagar,8951047001,info@physiotattva.com,https://www.physiotattva.com/physiotherapy-clinic/physiotattva-indiranagar,"To find the best physiotherapy clinic near you in Indiranagar , Bangalore , consider checking online reviews and asking for recommendations.",https://www.physiotattva.com/physiotherapy-clinic/physiotattva-indiranagar,website,physiotherapy clinic
cbphysiotherapy,Bangalore,Indiranagar,8047093099,,https://cbphysiotherapy.in/bangalore/Indiranagar/physiotherapy-clinic,"Looking for Best Physiotherapy Clinics near me in Indiranagar , Bangalore , Book Appointment / Consult Online with our Top Physiotherapy Clinic doctors/clinics across Indiranagar .",https://cbphysiotherapy.in/bangalore/Indiranagar/physiotherapy-clinic,website,physiotherapy clinic
Dentist in Koramangala,Bangalore,Koramangala,9886120415,info@aadhyadentalcare.com,https://www.aadhyadentalcare.com/,"Welcome to Aadhya dental clinic in Koramangala , Bangalore , we are conveniently located in the posh locality of koramangala , Bangalore .",https://www.aadhyadentalcare.com/,website,dental clinic
Chisel Dental Clinic,Bangalore,Koramangala,8025524249,chiseldentalclinics@gmail.com,https://chiseldental.co.in/,Dental Clinic in koramangala Bangalore provides good services advanced level treatment with best prices.,https://chiseldental.co.in/,website,dental clinic
GP Dental Studio,Bangalore,Koramangala,8951473484,,https://gpdentalstudio.com/,"Top Dental clinic in Koramangala , Bangalore .",https://gpdentalstudio.com/,website,dental clinic
Ridgetop Dental,Bangalore,Koramangala,7846889900,info@ridgetop.digitalcorsel.in,https://ridgetopdental.in/koramangala/,"Looking for the best dentist in Koramangala , Bangalore ? We offer expert oral care, implants, and braces at our modern dental clinic .",https://ridgetopdental.in/koramangala/,website,dental clinic
Reginolds Dental Clinic,Bangalore,Koramangala,,,https://reginoldsdental.com/,"Reginolds Dental Clinic is a multispeciality dental clinic located at Koramangala , Bangalore (Bengaluru).",https://reginoldsdental.com/,website,dental clinic
Dr. Dixit Cosmetic Dermatology Clinic,Bangalore,Koramangala,9901162088,info@drdixitcosmeticdermatology.com,https://www.drdixitcosmeticdermatology.com/skin-clinic-in-bangalore/,Best Skin Clinic in Bangalore | Best Skin Clinic in Koramangala MAKE APPOINTMENT × About Us About Doctor Dr.,https://www.drdixitcosmeticdermatology.com/skin-clinic-in-bangalore/,website,skin clinic
Best Hair & Skin Clinic in Koramangala,Bangalore,Koramangala,7395823232,,https://www.clinics.vcaretrichology.com/koramangala-bangalore/,"If you're looking for 'top Skin Experts near me' or 'best trichologist in Bangalore,' VCare provides expert solutions with FDA-approved treatments and state-of-the-art technology.",https://www.clinics.vcaretrichology.com/koramangala-bangalore/,website,skin clinic
Best Skin Care clinic in Bangalore,Bangalore,Koramangala,7259393830,drparthasarathiahsh@gmail.com,https://drparthasarathi.co.in/skin-care-clinic-in-bangalore/,"Our Best skin Clinic in bangalore only invest in devices and equipment that are approved, and have shown proven and predictable results.",https://drparthasarathi.co.in/skin-care-clinic-in-bangalore/,website,skin clinic
Eye Q,Bangalore,Koramangala,,koramangala.store@eyeq.biz,https://www.eyeq.biz/,"Eye Q is a trusted optical store and eye clinic in Koramangala , Bangalore .",https://www.eyeq.biz/,website,eye clinic
Dr. S M Ahmed (Gracious Eye Clinic & Surgical Centre),Bangalore,Koramangala,,,https://www.justdial.com/Bangalore/Dr-S-M-Ahmed-Gracious-Eye-Clinic-Surgical-Centre-Opposite-To-Mangala-Kalyana-Mantapa-Koramangala-5Th-Block/080PXX80-XX80-170125024132-I9N9_BZDET,"S M Ahmed (Gracious Eye Clinic & Surgical Centre) in Koramangala 5th Block, Bangalore .",https://www.justdial.com/Bangalore/Dr-S-M-Ahmed-Gracious-Eye-Clinic-Surgical-Centre-Opposite-To-Mangala-Kalyana-Mantapa-Koramangala-5Th-Block/080PXX80-XX80-170125024132-I9N9_BZDET,directory,eye clinic
Gracious Eye Clinic And Surgical Centre,Bangalore,Koramangala,,,https://www.lybrate.com/bangalore/clinic/gracious-eye-clinic-and-surgical-centre-koramangala-5-block,"Gracious Eye Clinic And Surgical Centre in Koramangala , Bangalore .",https://www.lybrate.com/bangalore/clinic/gracious-eye-clinic-and-surgical-centre-koramangala-5-block,directory,eye clinic
